matriz,linhas,colunas,versao,trabalhadores,repeticao,tempo_ms,objetos
grande,4000,4000,sequencial,1,1,311.951,117612
grande,4000,4000,paralela,1,1,337.566,117612
grande,4000,4000,paralela,2,1,172.322,117612
grande,4000,4000,paralela,4,1,93.538,117612
grande,4000,4000,paralela,8,1,66.716,117612
grande,4000,4000,sequencial,1,2,309.875,117612
grande,4000,4000,paralela,1,2,329.763,117612
grande,4000,4000,paralela,2,2,171.534,117612
grande,4000,4000,paralela,4,2,93.938,117612
grande,4000,4000,paralela,8,2,70.214,117612
grande,4000,4000,sequencial,1,3,307.868,117612
grande,4000,4000,paralela,1,3,332.169,117612
grande,4000,4000,paralela,2,3,171.963,117612
grande,4000,4000,paralela,4,3,93.971,117612
grande,4000,4000,paralela,8,3,72.547,117612
grande,4000,4000,sequencial,1,4,308.191,117612
grande,4000,4000,paralela,1,4,334.408,117612
grande,4000,4000,paralela,2,4,174.105,117612
grande,4000,4000,paralela,4,4,93.845,117612
grande,4000,4000,paralela,8,4,75.197,117612
grande,4000,4000,sequencial,1,5,309.455,117612
grande,4000,4000,paralela,1,5,334.405,117612
grande,4000,4000,paralela,2,5,172.225,117612
grande,4000,4000,paralela,4,5,93.767,117612
grande,4000,4000,paralela,8,5,73.812,117612
